{
  "coref_precision": 0.8113079077764546,
  "coref_recall": 0.7826704114613637,
  "coref_f1": 0.796351801152016,
  "mention_recall": 0.9754411863383211,
  "loss": 88.71514261028607
}